-- MySQL dump 10.13  Distrib 5.7.34, for osx10.16 (x86_64)
--
-- Host: 127.0.0.1    Database: devops
-- ------------------------------------------------------
-- Server version	5.7.34

/*!40101 SET @OLD_CHARACTER_SET_CLIENT=@@CHARACTER_SET_CLIENT */;
/*!40101 SET @OLD_CHARACTER_SET_RESULTS=@@CHARACTER_SET_RESULTS */;
/*!40101 SET @OLD_COLLATION_CONNECTION=@@COLLATION_CONNECTION */;
/*!40101 SET NAMES utf8 */;
/*!40103 SET @OLD_TIME_ZONE=@@TIME_ZONE */;
/*!40103 SET TIME_ZONE='+00:00' */;
/*!40014 SET @OLD_UNIQUE_CHECKS=@@UNIQUE_CHECKS, UNIQUE_CHECKS=0 */;
/*!40014 SET @OLD_FOREIGN_KEY_CHECKS=@@FOREIGN_KEY_CHECKS, FOREIGN_KEY_CHECKS=0 */;
/*!40101 SET @OLD_SQL_MODE=@@SQL_MODE, SQL_MODE='NO_AUTO_VALUE_ON_ZERO' */;
/*!40111 SET @OLD_SQL_NOTES=@@SQL_NOTES, SQL_NOTES=0 */;

--
-- Table structure for table `event`
--

DROP TABLE IF EXISTS `event`;
/*!40101 SET @saved_cs_client     = @@character_set_client */;
/*!40101 SET character_set_client = utf8 */;
CREATE TABLE `event` (
  `id` int(11) NOT NULL AUTO_INCREMENT,
  `user_id` int(11) DEFAULT NULL,
  `event` varchar(100) DEFAULT NULL,
  `event_create_time` datetime DEFAULT CURRENT_TIMESTAMP,
  PRIMARY KEY (`id`)
) ENGINE=InnoDB AUTO_INCREMENT=8 DEFAULT CHARSET=utf8;
/*!40101 SET character_set_client = @saved_cs_client */;

--
-- Dumping data for table `event`
--

LOCK TABLES `event` WRITE;
/*!40000 ALTER TABLE `event` DISABLE KEYS */;
INSERT INTO `event` VALUES (1,2,'2','2021-09-26 22:41:55'),(2,2,'登陆系统。','2021-09-26 22:44:23'),(3,2,'登陆系统。','2021-09-27 20:27:24'),(4,2,'登陆系统。','2021-09-27 22:28:32'),(5,2,'登陆系统。','2021-09-28 14:22:55'),(6,2,'登陆系统。','2021-09-28 15:46:24'),(7,4,'登陆系统。','2021-09-28 15:47:59');
/*!40000 ALTER TABLE `event` ENABLE KEYS */;
UNLOCK TABLES;

--
-- Table structure for table `host_management`
--

DROP TABLE IF EXISTS `host_management`;
/*!40101 SET @saved_cs_client     = @@character_set_client */;
/*!40101 SET character_set_client = utf8 */;
CREATE TABLE `host_management` (
  `host_management_id` int(11) NOT NULL AUTO_INCREMENT,
  `host_management_ip` varchar(255) DEFAULT NULL,
  `host_management_name` varchar(255) NOT NULL,
  `host_management_user` varchar(255) NOT NULL,
  `host_management_password` varchar(255) DEFAULT NULL,
  `host_management_key` varchar(255) DEFAULT NULL,
  `host_management_connect_method` varchar(255) DEFAULT NULL,
  `host_management_create_time` datetime DEFAULT CURRENT_TIMESTAMP COMMENT '创建时间',
  `host_management_modify_time` timestamp NULL DEFAULT CURRENT_TIMESTAMP ON UPDATE CURRENT_TIMESTAMP COMMENT '修改时间',
  `host_port` varchar(100) DEFAULT '22',
  `host_status` int(11) DEFAULT '1',
  PRIMARY KEY (`host_management_id`) USING BTREE
) ENGINE=InnoDB AUTO_INCREMENT=26 DEFAULT CHARSET=utf8;
/*!40101 SET character_set_client = @saved_cs_client */;

--
-- Dumping data for table `host_management`
--

LOCK TABLES `host_management` WRITE;
/*!40000 ALTER TABLE `host_management` DISABLE KEYS */;
INSERT INTO `host_management` VALUES (24,'210.22.22.150','openEuler','root',NULL,NULL,NULL,'2021-09-27 22:43:05','2021-09-27 14:43:05','3466',1);
/*!40000 ALTER TABLE `host_management` ENABLE KEYS */;
UNLOCK TABLES;

--
-- Table structure for table `monitor_metric`
--

DROP TABLE IF EXISTS `monitor_metric`;
/*!40101 SET @saved_cs_client     = @@character_set_client */;
/*!40101 SET character_set_client = utf8 */;
CREATE TABLE `monitor_metric` (
  `id` int(11) NOT NULL AUTO_INCREMENT,
  `host_id` int(11) DEFAULT NULL,
  `key` varchar(100) DEFAULT NULL,
  `value` float DEFAULT NULL,
  `create_time` datetime NOT NULL DEFAULT CURRENT_TIMESTAMP,
  PRIMARY KEY (`id`)
) ENGINE=InnoDB AUTO_INCREMENT=335 DEFAULT CHARSET=utf8;
/*!40101 SET character_set_client = @saved_cs_client */;

--
-- Dumping data for table `monitor_metric`
--

LOCK TABLES `monitor_metric` WRITE;
/*!40000 ALTER TABLE `monitor_metric` DISABLE KEYS */;
INSERT INTO `monitor_metric` VALUES (2,23,'Memory',34.77,'2021-09-27 23:50:09'),(3,24,'CPU',1.6,'2021-09-27 23:50:11'),(4,24,'Memory',15.81,'2021-09-27 23:50:11'),(5,23,'CPU',6.2,'2021-09-27 23:53:31'),(6,23,'Memory',34.76,'2021-09-27 23:53:31'),(7,24,'CPU',27,'2021-09-27 23:53:34'),(8,24,'Memory',15.69,'2021-09-27 23:53:34'),(9,23,'CPU',6.7,'2021-09-27 23:53:55'),(10,23,'Memory',34.76,'2021-09-27 23:53:55'),(11,24,'CPU',1.6,'2021-09-27 23:53:57'),(12,24,'Memory',15.75,'2021-09-27 23:53:57'),(13,23,'Memory',34.75,'2021-09-27 23:54:18'),(14,24,'Memory',15.75,'2021-09-27 23:54:21'),(15,23,'CPU',6.2,'2021-09-27 23:54:42'),(16,23,'Memory',34.76,'2021-09-27 23:54:42'),(17,24,'CPU',27.4,'2021-09-27 23:54:44'),(18,24,'Memory',15.72,'2021-09-27 23:54:44'),(19,23,'CPU',6.7,'2021-09-27 23:55:05'),(20,23,'Memory',34.75,'2021-09-27 23:55:05'),(21,24,'Memory',15.72,'2021-09-27 23:55:08'),(22,23,'CPU',11.8,'2021-09-27 23:55:29'),(23,23,'Memory',34.74,'2021-09-27 23:55:29'),(24,24,'Memory',15.75,'2021-09-27 23:55:31'),(25,23,'CPU',6.7,'2021-09-27 23:55:53'),(26,23,'Memory',34.74,'2021-09-27 23:55:53'),(27,24,'CPU',1.6,'2021-09-27 23:55:55'),(28,24,'Memory',15.71,'2021-09-27 23:55:55'),(29,23,'CPU',6.7,'2021-09-27 23:56:16'),(30,23,'Memory',34.73,'2021-09-27 23:56:16'),(31,24,'Memory',15.7,'2021-09-27 23:56:19'),(32,23,'CPU',12.5,'2021-09-27 23:56:40'),(33,23,'Memory',34.73,'2021-09-27 23:56:40'),(34,24,'CPU',1.6,'2021-09-27 23:56:42'),(35,24,'Memory',15.74,'2021-09-27 23:56:42'),(36,23,'CPU',12.5,'2021-09-27 23:57:04'),(37,23,'Memory',34.73,'2021-09-27 23:57:04'),(38,24,'CPU',1.6,'2021-09-27 23:57:06'),(39,24,'Memory',15.71,'2021-09-27 23:57:06'),(40,23,'CPU',11.8,'2021-09-27 23:57:27'),(41,23,'Memory',34.81,'2021-09-27 23:57:27'),(42,24,'Memory',15.76,'2021-09-27 23:57:30'),(43,23,'CPU',11.8,'2021-09-27 23:57:51'),(44,23,'Memory',34.8,'2021-09-27 23:57:51'),(45,24,'Memory',15.74,'2021-09-27 23:57:53'),(46,23,'CPU',6.7,'2021-09-27 23:58:14'),(47,23,'Memory',34.8,'2021-09-27 23:58:14'),(48,24,'CPU',1.6,'2021-09-27 23:58:17'),(49,24,'Memory',15.72,'2021-09-27 23:58:17'),(50,23,'Memory',34.79,'2021-09-27 23:58:38'),(51,24,'CPU',1.6,'2021-09-27 23:58:40'),(52,24,'Memory',15.74,'2021-09-27 23:58:40'),(53,23,'CPU',6.2,'2021-09-27 23:59:01'),(54,23,'Memory',34.78,'2021-09-27 23:59:01'),(55,24,'Memory',15.69,'2021-09-27 23:59:04'),(56,23,'CPU',13.3,'2021-09-27 23:59:25'),(57,23,'Memory',34.78,'2021-09-27 23:59:25'),(58,24,'Memory',15.68,'2021-09-27 23:59:28'),(59,23,'CPU',11.8,'2021-09-27 23:59:50'),(60,23,'Memory',34.78,'2021-09-27 23:59:50'),(61,24,'CPU',1.6,'2021-09-27 23:59:52'),(62,24,'Memory',15.75,'2021-09-27 23:59:52'),(63,23,'CPU',6.7,'2021-09-28 00:00:13'),(64,23,'Memory',34.78,'2021-09-28 00:00:13'),(65,24,'Memory',15.69,'2021-09-28 00:00:16'),(66,23,'Memory',34.77,'2021-09-28 00:00:38'),(67,24,'Memory',15.71,'2021-09-28 00:00:40'),(68,23,'CPU',6.7,'2021-09-28 00:01:01'),(69,23,'Memory',34.76,'2021-09-28 00:01:01'),(70,23,'CPU',6.7,'2021-09-28 00:02:50'),(71,23,'Memory',34.75,'2021-09-28 00:02:50'),(72,24,'CPU',1.6,'2021-09-28 00:02:53'),(73,24,'Memory',15.75,'2021-09-28 00:02:53'),(74,23,'CPU',6.7,'2021-09-28 00:03:14'),(75,23,'Memory',34.75,'2021-09-28 00:03:14'),(76,24,'CPU',1.6,'2021-09-28 00:03:16'),(77,24,'Memory',15.71,'2021-09-28 00:03:16'),(78,23,'Memory',34.75,'2021-09-28 00:03:37'),(79,24,'Memory',15.71,'2021-09-28 00:03:39'),(80,23,'CPU',6.7,'2021-09-28 00:04:01'),(81,23,'Memory',34.75,'2021-09-28 00:04:01'),(82,24,'CPU',1.6,'2021-09-28 00:04:03'),(83,24,'Memory',15.76,'2021-09-28 00:04:03'),(84,23,'CPU',6.7,'2021-09-28 00:04:25'),(85,23,'Memory',34.75,'2021-09-28 00:04:25'),(86,24,'CPU',1.6,'2021-09-28 00:04:27'),(87,24,'Memory',15.81,'2021-09-28 00:04:27'),(88,23,'CPU',6.2,'2021-09-28 00:04:48'),(89,23,'Memory',34.74,'2021-09-28 00:04:48'),(90,24,'Memory',15.67,'2021-09-28 00:04:50'),(91,23,'CPU',6.2,'2021-09-28 00:05:12'),(92,23,'Memory',34.74,'2021-09-28 00:05:12'),(93,24,'Memory',15.7,'2021-09-28 00:05:14'),(94,23,'Memory',34.73,'2021-09-28 00:05:35'),(95,24,'Memory',15.7,'2021-09-28 00:05:37'),(96,23,'CPU',6.2,'2021-09-28 00:05:59'),(97,23,'Memory',34.8,'2021-09-28 00:05:59'),(98,24,'CPU',1.6,'2021-09-28 00:06:01'),(99,24,'Memory',15.72,'2021-09-28 00:06:01'),(100,23,'CPU',6.2,'2021-09-28 00:06:22'),(101,23,'Memory',34.8,'2021-09-28 00:06:22'),(102,24,'CPU',24.6,'2021-09-28 00:06:24'),(103,24,'Memory',15.75,'2021-09-28 00:06:24'),(104,23,'Memory',34.79,'2021-09-28 00:06:46'),(105,24,'CPU',3.2,'2021-09-28 00:06:48'),(106,24,'Memory',15.74,'2021-09-28 00:06:48'),(107,23,'Memory',34.79,'2021-09-28 00:07:09'),(108,24,'CPU',1.6,'2021-09-28 00:07:11'),(109,24,'Memory',15.75,'2021-09-28 00:07:11'),(110,23,'CPU',6.2,'2021-09-28 00:07:32'),(111,23,'Memory',34.79,'2021-09-28 00:07:32'),(112,24,'CPU',8.1,'2021-09-28 00:07:35'),(113,24,'Memory',15.7,'2021-09-28 00:07:35'),(114,23,'CPU',6.7,'2021-09-28 00:07:56'),(115,23,'Memory',34.78,'2021-09-28 00:07:56'),(116,24,'CPU',1.6,'2021-09-28 00:07:58'),(117,24,'Memory',15.79,'2021-09-28 00:07:58'),(118,23,'Memory',34.78,'2021-09-28 00:08:19'),(119,24,'Memory',15.72,'2021-09-28 00:08:22'),(120,23,'Memory',34.77,'2021-09-28 00:08:43'),(121,24,'CPU',1.6,'2021-09-28 00:08:46'),(122,24,'Memory',15.7,'2021-09-28 00:08:46'),(123,23,'Memory',34.77,'2021-09-28 00:09:07'),(124,24,'CPU',1.6,'2021-09-28 00:09:09'),(125,24,'Memory',15.69,'2021-09-28 00:09:09'),(126,23,'Memory',34.76,'2021-09-28 00:09:30'),(127,24,'CPU',1.6,'2021-09-28 00:09:32'),(128,24,'Memory',15.78,'2021-09-28 00:09:32'),(129,23,'Memory',34.76,'2021-09-28 00:09:55'),(130,24,'CPU',3.2,'2021-09-28 00:09:57'),(131,24,'Memory',15.68,'2021-09-28 00:09:57'),(132,23,'CPU',12.5,'2021-09-28 00:10:18'),(133,23,'Memory',34.76,'2021-09-28 00:10:18'),(134,24,'CPU',1.7,'2021-09-28 00:10:21'),(135,24,'Memory',15.74,'2021-09-28 00:10:21'),(136,23,'CPU',6.7,'2021-09-28 00:10:42'),(137,23,'Memory',34.76,'2021-09-28 00:10:42'),(138,24,'CPU',3.2,'2021-09-28 00:10:44'),(139,24,'Memory',15.79,'2021-09-28 00:10:44'),(140,23,'Memory',34.75,'2021-09-28 00:11:06'),(141,24,'CPU',3.2,'2021-09-28 00:11:08'),(142,24,'Memory',15.69,'2021-09-28 00:11:08'),(143,23,'Memory',34.75,'2021-09-28 00:11:29'),(144,24,'CPU',1.6,'2021-09-28 00:11:31'),(145,24,'Memory',15.8,'2021-09-28 00:11:31'),(146,23,'CPU',6.2,'2021-09-28 00:11:53'),(147,23,'Memory',34.75,'2021-09-28 00:11:53'),(148,24,'CPU',1.6,'2021-09-28 00:11:56'),(149,24,'Memory',15.72,'2021-09-28 00:11:56'),(150,23,'CPU',6.2,'2021-09-28 00:12:18'),(151,23,'Memory',34.74,'2021-09-28 00:12:18'),(152,24,'CPU',1.6,'2021-09-28 00:12:20'),(153,24,'Memory',15.67,'2021-09-28 00:12:20'),(154,23,'Memory',34.8,'2021-09-28 00:12:43'),(155,24,'CPU',1.6,'2021-09-28 00:12:46'),(156,24,'Memory',15.7,'2021-09-28 00:12:46'),(157,23,'CPU',6.2,'2021-09-28 00:13:07'),(158,23,'Memory',34.8,'2021-09-28 00:13:07'),(159,24,'CPU',1.6,'2021-09-28 00:13:09'),(160,24,'Memory',15.75,'2021-09-28 00:13:09'),(161,23,'CPU',6.7,'2021-09-28 00:13:30'),(162,23,'Memory',34.79,'2021-09-28 00:13:30'),(163,24,'Memory',15.71,'2021-09-28 00:13:33'),(164,23,'CPU',6.7,'2021-09-28 00:13:54'),(165,23,'Memory',34.79,'2021-09-28 00:13:54'),(166,24,'CPU',1.6,'2021-09-28 00:13:57'),(167,24,'Memory',15.83,'2021-09-28 00:13:57'),(168,23,'CPU',6.2,'2021-09-28 00:14:18'),(169,23,'Memory',34.79,'2021-09-28 00:14:18'),(170,24,'Memory',15.76,'2021-09-28 00:14:20'),(171,23,'CPU',6.7,'2021-09-28 00:14:41'),(172,23,'Memory',34.78,'2021-09-28 00:14:41'),(173,24,'CPU',1.6,'2021-09-28 00:14:45'),(174,24,'Memory',15.88,'2021-09-28 00:14:45'),(175,23,'CPU',6.7,'2021-09-28 00:15:07'),(176,23,'Memory',34.78,'2021-09-28 00:15:07'),(177,24,'CPU',1.6,'2021-09-28 00:15:09'),(178,24,'Memory',15.8,'2021-09-28 00:15:09'),(179,23,'CPU',6.2,'2021-09-28 00:15:31'),(180,23,'Memory',34.78,'2021-09-28 00:15:31'),(181,24,'CPU',3.2,'2021-09-28 00:15:34'),(182,24,'Memory',15.79,'2021-09-28 00:15:34'),(183,23,'CPU',6.7,'2021-09-28 00:16:24'),(184,23,'Memory',34.77,'2021-09-28 00:16:24'),(185,24,'CPU',1.6,'2021-09-28 00:16:26'),(186,24,'Memory',15.87,'2021-09-28 00:16:26'),(187,23,'CPU',12.5,'2021-09-28 00:17:01'),(188,23,'Memory',34.76,'2021-09-28 00:17:01'),(189,24,'CPU',4.8,'2021-09-28 00:17:03'),(190,24,'Memory',15.86,'2021-09-28 00:17:03'),(191,23,'CPU',6.2,'2021-09-28 00:17:25'),(192,23,'Memory',34.76,'2021-09-28 00:17:25'),(193,24,'Memory',15.78,'2021-09-28 00:17:27'),(194,23,'CPU',11.8,'2021-09-28 00:17:48'),(195,23,'Memory',34.77,'2021-09-28 00:17:48'),(196,24,'CPU',1.6,'2021-09-28 00:17:51'),(197,24,'Memory',15.83,'2021-09-28 00:17:51'),(198,23,'CPU',6.2,'2021-09-28 00:18:12'),(199,23,'Memory',34.76,'2021-09-28 00:18:12'),(200,24,'CPU',6.5,'2021-09-28 00:18:14'),(201,24,'Memory',15.89,'2021-09-28 00:18:14'),(202,23,'Memory',34.76,'2021-09-28 00:18:35'),(203,24,'CPU',1.6,'2021-09-28 00:18:38'),(204,24,'Memory',15.83,'2021-09-28 00:18:38'),(205,23,'CPU',6.2,'2021-09-28 00:18:59'),(206,23,'Memory',34.75,'2021-09-28 00:18:59'),(207,24,'CPU',1.6,'2021-09-28 00:19:02'),(208,24,'Memory',15.85,'2021-09-28 00:19:02'),(209,23,'CPU',6.2,'2021-09-28 00:19:23'),(210,23,'Memory',34.75,'2021-09-28 00:19:23'),(211,24,'Memory',15.75,'2021-09-28 00:19:25'),(212,23,'CPU',6.7,'2021-09-28 00:19:47'),(213,23,'Memory',34.74,'2021-09-28 00:19:47'),(214,24,'Memory',15.91,'2021-09-28 00:19:49'),(215,23,'CPU',6.2,'2021-09-28 00:20:10'),(216,23,'Memory',34.73,'2021-09-28 00:20:10'),(217,24,'Memory',16.14,'2021-09-28 00:20:12'),(218,23,'CPU',6.2,'2021-09-28 00:20:34'),(219,23,'Memory',34.74,'2021-09-28 00:20:34'),(220,24,'CPU',1.6,'2021-09-28 00:20:36'),(221,24,'Memory',15.93,'2021-09-28 00:20:36'),(222,23,'CPU',6.2,'2021-09-28 00:20:57'),(223,23,'Memory',34.81,'2021-09-28 00:20:57'),(224,24,'CPU',1.6,'2021-09-28 00:21:00'),(225,24,'Memory',15.85,'2021-09-28 00:21:00'),(226,23,'Memory',34.8,'2021-09-28 00:21:21'),(227,24,'Memory',15.96,'2021-09-28 00:21:23'),(228,23,'CPU',6.2,'2021-09-28 00:21:44'),(229,23,'Memory',34.79,'2021-09-28 00:21:44'),(230,24,'Memory',15.96,'2021-09-28 00:21:47'),(231,23,'CPU',6.7,'2021-09-28 00:22:08'),(232,23,'Memory',34.79,'2021-09-28 00:22:08'),(233,24,'CPU',1.6,'2021-09-28 00:22:10'),(234,24,'Memory',15.97,'2021-09-28 00:22:10'),(235,23,'Memory',34.79,'2021-09-28 00:22:32'),(236,24,'Memory',15.96,'2021-09-28 00:22:34'),(237,23,'Memory',34.78,'2021-09-28 00:22:55'),(238,24,'Memory',16.03,'2021-09-28 00:22:58'),(239,23,'Memory',34.78,'2021-09-28 00:23:19'),(240,24,'Memory',16.02,'2021-09-28 00:23:22'),(241,23,'CPU',6.7,'2021-09-28 00:23:44'),(242,23,'Memory',34.77,'2021-09-28 00:23:44'),(243,24,'CPU',1.6,'2021-09-28 00:23:46'),(244,24,'Memory',15.99,'2021-09-28 00:23:46'),(245,23,'CPU',6.2,'2021-09-28 00:24:07'),(246,23,'Memory',34.77,'2021-09-28 00:24:07'),(247,24,'CPU',1.6,'2021-09-28 00:24:10'),(248,24,'Memory',15.85,'2021-09-28 00:24:10'),(249,23,'CPU',6.7,'2021-09-28 00:24:31'),(250,23,'Memory',34.77,'2021-09-28 00:24:31'),(251,24,'CPU',3.2,'2021-09-28 00:24:34'),(252,24,'Memory',15.88,'2021-09-28 00:24:34'),(253,23,'CPU',6.7,'2021-09-28 00:24:46'),(254,23,'Memory',34.76,'2021-09-28 00:24:46'),(255,24,'CPU',1.6,'2021-09-28 00:24:49'),(256,24,'Memory',15.95,'2021-09-28 00:24:49'),(257,23,'CPU',6.7,'2021-09-28 00:25:11'),(258,23,'Memory',34.76,'2021-09-28 00:25:11'),(259,24,'Memory',16,'2021-09-28 00:25:14'),(260,23,'CPU',6.7,'2021-09-28 00:25:35'),(261,23,'Memory',34.76,'2021-09-28 00:25:35'),(262,24,'CPU',32.3,'2021-09-28 00:25:38'),(263,24,'Memory',16.01,'2021-09-28 00:25:38'),(264,23,'Memory',34.75,'2021-09-28 00:26:00'),(265,24,'CPU',1.6,'2021-09-28 00:26:02'),(266,24,'Memory',15.95,'2021-09-28 00:26:02'),(267,23,'Memory',34.76,'2021-09-28 00:26:24'),(268,24,'Memory',15.92,'2021-09-28 00:26:27'),(269,23,'CPU',6.2,'2021-09-28 00:26:48'),(270,23,'Memory',34.75,'2021-09-28 00:26:48'),(271,24,'CPU',27,'2021-09-28 00:26:51'),(272,24,'Memory',15.89,'2021-09-28 00:26:51'),(273,23,'Memory',34.75,'2021-09-28 00:27:12'),(274,24,'Memory',15.89,'2021-09-28 00:27:14'),(275,23,'Memory',34.75,'2021-09-28 00:27:36'),(276,24,'CPU',1.6,'2021-09-28 00:27:39'),(277,24,'Memory',16,'2021-09-28 00:27:39'),(278,23,'CPU',11.8,'2021-09-28 00:28:00'),(279,23,'Memory',34.74,'2021-09-28 00:28:00'),(280,24,'CPU',24.6,'2021-09-28 00:28:02'),(281,24,'Memory',15.97,'2021-09-28 00:28:02'),(282,23,'Memory',34.8,'2021-09-28 00:28:24'),(283,24,'CPU',1.6,'2021-09-28 00:28:26'),(284,24,'Memory',15.96,'2021-09-28 00:28:26'),(285,23,'CPU',6.2,'2021-09-28 00:28:47'),(286,23,'Memory',34.8,'2021-09-28 00:28:47'),(287,24,'CPU',1.6,'2021-09-28 00:28:49'),(288,24,'Memory',16.13,'2021-09-28 00:28:49'),(289,23,'Memory',34.8,'2021-09-28 00:29:10'),(290,24,'CPU',1.6,'2021-09-28 00:29:13'),(291,24,'Memory',15.86,'2021-09-28 00:29:13'),(292,23,'Memory',34.8,'2021-09-28 00:29:35'),(293,24,'CPU',1.6,'2021-09-28 00:29:37'),(294,24,'Memory',15.88,'2021-09-28 00:29:37'),(295,23,'Memory',34.79,'2021-09-28 00:29:59'),(296,24,'Memory',15.94,'2021-09-28 00:30:01'),(297,23,'Memory',34.78,'2021-09-28 00:30:23'),(298,24,'CPU',1.6,'2021-09-28 00:30:25'),(299,24,'Memory',15.99,'2021-09-28 00:30:25'),(300,23,'CPU',6.7,'2021-09-28 00:30:47'),(301,23,'Memory',34.79,'2021-09-28 00:30:47'),(302,24,'CPU',1.6,'2021-09-28 00:30:49'),(303,24,'Memory',15.96,'2021-09-28 00:30:49'),(304,23,'CPU',6.2,'2021-09-28 00:30:55'),(305,23,'Memory',34.78,'2021-09-28 00:30:55'),(306,24,'CPU',3.2,'2021-09-28 00:30:57'),(307,24,'Memory',16,'2021-09-28 00:30:57'),(308,23,'Memory',34.78,'2021-09-28 00:31:19'),(309,24,'CPU',1.6,'2021-09-28 00:31:21'),(310,24,'Memory',16.04,'2021-09-28 00:31:21'),(311,24,'CPU',4.8,'2021-09-28 00:31:45'),(312,24,'Memory',16.03,'2021-09-28 00:31:45'),(313,24,'CPU',1.6,'2021-09-28 14:22:52'),(314,24,'Memory',15.9,'2021-09-28 14:22:52'),(315,24,'CPU',1.6,'2021-09-28 15:45:52'),(316,24,'Memory',16.53,'2021-09-28 15:45:52'),(317,24,'Memory',16.59,'2021-09-28 15:46:18'),(318,24,'CPU',1.6,'2021-09-28 15:46:44'),(319,24,'Memory',16.57,'2021-09-28 15:46:44'),(320,24,'Memory',16.52,'2021-09-28 15:47:09'),(321,24,'CPU',1.6,'2021-09-28 15:47:35'),(322,24,'Memory',16.57,'2021-09-28 15:47:35'),(323,24,'CPU',1.6,'2021-09-28 15:48:00'),(324,24,'Memory',16.5,'2021-09-28 15:48:00'),(325,24,'CPU',1.6,'2021-09-28 15:48:26'),(326,24,'Memory',16.51,'2021-09-28 15:48:26'),(327,24,'CPU',25.8,'2021-09-28 15:48:52'),(328,24,'Memory',16.54,'2021-09-28 15:48:52'),(329,25,'CPU',6.7,'2021-09-28 15:48:56'),(330,25,'Memory',34.54,'2021-09-28 15:48:57'),(331,24,'CPU',27,'2021-09-28 15:49:22'),(332,24,'Memory',16.58,'2021-09-28 15:49:22'),(333,25,'CPU',6.7,'2021-09-28 15:49:27'),(334,25,'Memory',34.53,'2021-09-28 15:49:27');
/*!40000 ALTER TABLE `monitor_metric` ENABLE KEYS */;
UNLOCK TABLES;

--
-- Table structure for table `role`
--

DROP TABLE IF EXISTS `role`;
/*!40101 SET @saved_cs_client     = @@character_set_client */;
/*!40101 SET character_set_client = utf8 */;
CREATE TABLE `role` (
  `role_id` int(11) NOT NULL AUTO_INCREMENT,
  `role_name` varchar(100) DEFAULT NULL,
  `role_remark` varchar(100) DEFAULT '-',
  `user_create_time` datetime DEFAULT CURRENT_TIMESTAMP,
  `user_update_time` timestamp NULL DEFAULT CURRENT_TIMESTAMP ON UPDATE CURRENT_TIMESTAMP,
  PRIMARY KEY (`role_id`),
  UNIQUE KEY `role_UN` (`role_name`)
) ENGINE=InnoDB AUTO_INCREMENT=10 DEFAULT CHARSET=utf8;
/*!40101 SET character_set_client = @saved_cs_client */;

--
-- Dumping data for table `role`
--

LOCK TABLES `role` WRITE;
/*!40000 ALTER TABLE `role` DISABLE KEYS */;
INSERT INTO `role` VALUES (1,'系统管理','-','2021-09-03 17:51:08','2021-09-03 18:21:45'),(2,'运维团队','-','2021-09-03 17:51:08','2021-09-03 18:21:45'),(3,'开发团队','-','2021-09-03 17:51:08','2021-09-03 18:21:45'),(4,'测试团队','-','2021-09-03 17:51:08','2021-09-03 18:21:45'),(9,'产品团队','-','2021-09-09 14:14:20','2021-09-08 22:14:20');
/*!40000 ALTER TABLE `role` ENABLE KEYS */;
UNLOCK TABLES;

--
-- Table structure for table `setting`
--

DROP TABLE IF EXISTS `setting`;
/*!40101 SET @saved_cs_client     = @@character_set_client */;
/*!40101 SET character_set_client = utf8 */;
CREATE TABLE `setting` (
  `id` int(11) NOT NULL AUTO_INCREMENT,
  `host_url` varchar(100) DEFAULT NULL,
  `ssh_public_key` text,
  `ssh_private_key` text,
  PRIMARY KEY (`id`)
) ENGINE=InnoDB AUTO_INCREMENT=2 DEFAULT CHARSET=utf8;
/*!40101 SET character_set_client = @saved_cs_client */;

--
-- Dumping data for table `setting`
--

LOCK TABLES `setting` WRITE;
/*!40000 ALTER TABLE `setting` DISABLE KEYS */;
INSERT INTO `setting` VALUES (1,'https://devops.example.com','ssh-rsa AAAAB3NzaC1yc2EAAAADAQABAAABgQCZrTDfO7BRAZ6xUdBYZ6yMaU27h46d/ppu1lu6qxv1U14gTKL6477LeJrWUTyqGAN5CVHBgchzCazFc3Ji4+kNTWP8SQLmP3feHJsqKmpkjoFlzjJMcX924Zr6kc88SawK8q2A5rq6VG+/E26bPf695vFTDK1O7Yhk30k/Hn+UjJ1yrqd2jGYEdPH4o0RwWuPwzCHVpw+Whjr924JHzrtfBZkVoPQvTPCOzQtyuWmuT036w5bty56fTMVikm26CzMYDtxkI0tCnKmTR5d8sWJS8i5iT9Vpwvjk44FaMICAJLLLyPx4dcRqHWTvGw3cJcMG6LmCeW4vztUoSTdfyIXVo+JNCR/i9xrLc77ulJuGhPv3EqByKC4dhFC9kfpiwaeWSVH8CklVzJr3O+iczaMY5VUQrjZtrf58s/ky+TtbGpnK5pIseluS5ABdkce7dDPS6Ix4jW/UdgEQD3eqllgFkQIFkSIW3Zekzm3nnhFZQG6uCp76VjXNh7NAfC2qX+U= devops@example.com','-----BEGIN OPENSSH PRIVATE KEY-----\r\nb3BlbnNzaC1rZXktdjEAAAAABG5vbmUAAAAEbm9uZQAAAAAAAAABAAABlwAAAAdzc2gtcn\r\nNhAAAAAwEAAQAAAYEAma0w3zuwUQGesVHQWGesjGlNu4eOnf6abtZbuqsb9VNeIEyi+uO+\r\ny3ia1lE8qhgDeQlRwYHIcwmsxXNyYuPpDU1j/EkC5j933hybKipqZI6BZc4yTHF/duGa+p\r\nHPPEmsCvKtgOa6ulRvvxNumz3+vebxUwytTu2IZN9JPx5/lIydcq6ndoxmBHTx+KNEcFrj\r\n8Mwh1acPloY6/duCR867XwWZFaD0L0zwjs0Lcrlprk9N+sOW7cuen0zFYpJtugszGA7cZC\r\nNLQpypk0eXfLFiUvIuYk/VacL45OOBWjCAgCSyy8j8eHXEah1k7xsN3CXDBui5gnluL87V\r\nKEk3X8iF1aPiTQkf4vcay3O+7pSbhoT79xKgciguHYRQvZH6YsGnlklR/ApJVcya9zvonM\r\n2jGOVVEK42ba3+fLP5Mvk7WxqZyuaSLHpbkuQAXZHHu3Qz0uiMeI1v1HYBEA93qpZYBZEC\r\nBZEiFt2XpM5t554RWUBurgqe+lY1zYezQHwtql/lAAAFiH8ergp/Hq4KAAAAB3NzaC1yc2\r\nEAAAGBAJmtMN87sFEBnrFR0FhnrIxpTbuHjp3+mm7WW7qrG/VTXiBMovrjvst4mtZRPKoY\r\nA3kJUcGByHMJrMVzcmLj6Q1NY/xJAuY/d94cmyoqamSOgWXOMkxxf3bhmvqRzzxJrAryrY\r\nDmurpUb78Tbps9/r3m8VMMrU7tiGTfST8ef5SMnXKup3aMZgR08fijRHBa4/DMIdWnD5aG\r\nOv3bgkfOu18FmRWg9C9M8I7NC3K5aa5PTfrDlu3Lnp9MxWKSbboLMxgO3GQjS0KcqZNHl3\r\nyxYlLyLmJP1WnC+OTjgVowgIAkssvI/Hh1xGodZO8bDdwlwwbouYJ5bi/O1ShJN1/IhdWj\r\n4k0JH+L3Gstzvu6Um4aE+/cSoHIoLh2EUL2R+mLBp5ZJUfwKSVXMmvc76JzNoxjlVRCuNm\r\n2t/nyz+TL5O1samcrmkix6W5LkAF2Rx7t0M9LojHiNb9R2ARAPd6qWWAWRAgWRIhbdl6TO\r\nbeeeEVlAbq4KnvpWNc2Hs0B8Lapf5QAAAAMBAAEAAAGAJ7e1S9y3YxhSFW4ZtN+GnvuQVY\r\nlheMAW1dKc/o++uBcF2r8z2DgIVboj+oQgc62lKCEaejK6xdCYUKfXxms1DnUUBF4yW6PH\r\nrSYjjDBOMxMJqnAyW8NxuB3y2hPZRbGcv2+dHBWF6SZtgyrYiVLqhdYsRNSf7ihB+iAjZC\r\nbTvmbhQoSVT3RV4Y0ABMzdoVQ8WT3I+NkmlDa5BGc5Mqnhj1t5BzgEJD10ZtPjw5DcGWrx\r\nsn/egDMCGhXTZfiGV3ERKvYVp8KyOXSZYKsw1LH154YbpIBBGAP70i3bbvAE02xN7Piqo+\r\ngF2UkP264W0PN6kdCFjS0yf0wpcaer7iYWls0+/NTKKDiZCjNX4Q15KgJWOSBFiuH8Lzi8\r\nOGqee6y/PpUqejZTznet29Ge581BEnWu6APLPdLR2mo0h7ULfDY910TT4RHssVqMzVMCoz\r\nYjYjtWZ86JJzO7+5MbAb8ryBO0NbIphOIu6NlwaIlQeIn/pBzP2K0ZIOur0FNmv+35AAAA\r\nwQDFiFetr+boi6grc8q2BK3Kavmg+v1iQdDiQqvb6wvByz+OqiGwW4IeHuvwpYCGEeo0DD\r\neviWEVyBL94r2oVMfoGYhXjv+67mfZZUZ4A/eKWKc9vDToBm6yu8Cvb7qSviL46u5OdPXP\r\n78vNGrKheqkRipNcwgujbJ+ZEV9k0tccNPgjibBvImmiFwe9pBQhfUcYGxZcfGrvZ4zaOr\r\n57Ek/yJMvXUZReiFFQVyyQkTRblZCtZDKJEUGirDIUozpTT68AAADBAMs55NZ/crlAOt8A\r\naK9UvDunAnhHDr4gTIvY+vnhKRYmQrfuFsDIj+teUg6E7c0rLQ7GAYVFghNnXgyday+7SW\r\nRQkzB4rFp+aIEBMPXOTKA3bluEsuDEJKZ9kEb/sqXh1loThFFmfdX/5J6XuDzz87cgODaJ\r\nfmM+W64+M/dA1uKMAg1OyDcMlvULAZZfBtW++7s4N382sRDfxH3RWgZrWqPcbOhUGQex2g\r\nQ22NGhRpFbJza06JYilcvJb8FIv85GCwAAAMEAwZVT9lgYUKvb1oSF1HvVvOl80za6g8df\r\nUx8ONVWKsGCodqk9IL0bzzMCuXEt4x0dAgir/j/eBGxpU7JdAyH908e4RfMZpnnybB2VML\r\nS+FetelMagG0wryRyGOhKdP4ApkjuH2XsbnxAlUgeBwbISxonQrrID6yY3oUS5/WWUi2Si\r\nuIEpPRJkiHUuLWbOd11G9YU3orjCfGrAQR/wh0Ry44q+JHzMQVLMXOgXKCibefYFzzsNVa\r\nXUNciXKu/5dlfPAAAAEmRldm9wc0BleGFtcGxlLmNvbQ==\r\n-----END OPENSSH PRIVATE KEY-----');
/*!40000 ALTER TABLE `setting` ENABLE KEYS */;
UNLOCK TABLES;

--
-- Table structure for table `user`
--

DROP TABLE IF EXISTS `user`;
/*!40101 SET @saved_cs_client     = @@character_set_client */;
/*!40101 SET character_set_client = utf8 */;
CREATE TABLE `user` (
  `user_id` int(11) NOT NULL AUTO_INCREMENT,
  `user_username` varchar(255) DEFAULT NULL,
  `user_password` varchar(255) NOT NULL,
  `user_realname` varchar(255) NOT NULL,
  `user_department` varchar(255) DEFAULT NULL,
  `user_create_time` datetime DEFAULT CURRENT_TIMESTAMP COMMENT '创建时间',
  `user_update_time` timestamp NULL DEFAULT CURRENT_TIMESTAMP ON UPDATE CURRENT_TIMESTAMP COMMENT '修改时间',
  `role_id` int(11) DEFAULT NULL,
  `user_status` varchar(100) DEFAULT '正常',
  `user_login_time` timestamp NULL DEFAULT CURRENT_TIMESTAMP,
  PRIMARY KEY (`user_id`) USING BTREE
) ENGINE=InnoDB AUTO_INCREMENT=5 DEFAULT CHARSET=utf8;
/*!40101 SET character_set_client = @saved_cs_client */;

--
-- Dumping data for table `user`
--

LOCK TABLES `user` WRITE;
/*!40000 ALTER TABLE `user` DISABLE KEYS */;
INSERT INTO `user` VALUES (2,'admin','6729f0ce06d29e26760ac56aa24c162910bf9f653f6e57c1d51b16ec71ec27f5ce2b81b1868809fa5c78cb4522094983f465cccc2b006f1f5a068db0f6a3653e','系统管理员',NULL,'2021-07-20 13:20:26','2021-09-28 07:46:24',1,'正常','2021-09-28 07:46:24'),(3,'dev','684a5f936b784fe17af79f0054d0dd72b4b6818bee24ac46f3c720c53fa4349525dda61f9cb5287ae7fca4ae4e7f545a68b49748ce8e2fe4e0172a57f27bf4c6','dev',NULL,'2021-09-26 21:52:34','2021-09-26 13:54:25',3,'正常','2021-08-09 23:28:07'),(4,'abu','73256128f09faca65dbae60ca5ce65411c9a5c19a49d9b9a3a722d38b21fbab872c90346047d55aee34c8829f30c98868657f31f199f4c94e4a6cd468b6415e7','abu',NULL,'2021-09-28 15:47:40','2021-09-28 07:47:59',2,'正常','2021-09-28 07:47:59');
/*!40000 ALTER TABLE `user` ENABLE KEYS */;
UNLOCK TABLES;
/*!40103 SET TIME_ZONE=@OLD_TIME_ZONE */;

/*!40101 SET SQL_MODE=@OLD_SQL_MODE */;
/*!40014 SET FOREIGN_KEY_CHECKS=@OLD_FOREIGN_KEY_CHECKS */;
/*!40014 SET UNIQUE_CHECKS=@OLD_UNIQUE_CHECKS */;
/*!40101 SET CHARACTER_SET_CLIENT=@OLD_CHARACTER_SET_CLIENT */;
/*!40101 SET CHARACTER_SET_RESULTS=@OLD_CHARACTER_SET_RESULTS */;
/*!40101 SET COLLATION_CONNECTION=@OLD_COLLATION_CONNECTION */;
/*!40111 SET SQL_NOTES=@OLD_SQL_NOTES */;

-- Dump completed on 2021-09-28 15:49:45
